{
  "train_loss": [
    1.423376376515343,
    0.9881024215334938,
    0.8105985674403963,
    0.6623476111321223,
    0.5748295977002098,
    0.41489238577229637,
    0.34133899745487034,
    0.34418802874428883,
    0.2840461308047885,
    0.1998554613476708,
    0.1466730949566478,
    0.13632261287598382,
    0.20883600501787095,
    0.11557207232429868,
    0.08900831867541585,
    0.06533865405335312,
    0.092963145502976,
    0.09877178461778732,
    0.09948544800281525,
    0.08460690853851183,
    0.07379174648296265,
    0.05683443845648851,
    0.05019011077781518,
    0.10918255309973444,
    0.10759299738066537,
    0.09886354634449596,
    0.08552026940953164,
    0.07790103749150322,
    0.11450339309516407,
    0.07986922556445712,
    0.04281887970332589,
    0.02863135179682147,
    0.03822616004784193,
    0.05377266403287649,
    0.022691746228596283,
    0.05780685029569126,
    0.059194173081556244,
    0.04737355725130155,
    0.03096798235107036,
    0.036194973757845306,
    0.018462239704316572,
    0.013208668001794389,
    0.04504603460608494,
    0.06078204064142136,
    0.0927887579372951,
    0.12431724434807187,
    0.08963510246149131,
    0.08753903013964494,
    0.06353990078593294,
    0.04909065083024048
  ],
  "train_acc": [
    44.61904761904762,
    62.285714285714285,
    69.61904761904762,
    75.85714285714286,
    78.66666666666667,
    85.19047619047619,
    87.76190476190476,
    88.38095238095238,
    90.14285714285714,
    92.42857142857143,
    94.61904761904762,
    95.04761904761905,
    93.28571428571429,
    95.80952380952381,
    97.28571428571429,
    98.28571428571429,
    96.52380952380952,
    96.28571428571429,
    96.52380952380952,
    97.0952380952381,
    97.19047619047619,
    98.0952380952381,
    98.23809523809524,
    96.28571428571429,
    96.19047619047619,
    96.76190476190476,
    96.80952380952381,
    97.33333333333333,
    95.76190476190476,
    97.47619047619048,
    98.71428571428571,
    99.0,
    98.71428571428571,
    98.23809523809524,
    99.19047619047619,
    98.19047619047619,
    97.66666666666667,
    98.47619047619048,
    98.95238095238095,
    98.85714285714286,
    99.38095238095238,
    99.47619047619048,
    98.28571428571429,
    98.19047619047619,
    97.0952380952381,
    95.76190476190476,
    96.47619047619048,
    97.0952380952381,
    98.0952380952381,
    98.61904761904762
  ],
  "val_loss": [
    1.5168213849597507,
    2.0216232787238226,
    1.3350064150492351,
    1.5380868432256911,
    3.362213611602783,
    1.6272681372121183,
    1.580122761991289,
    1.3888027964697944,
    1.5575026948046353,
    0.790867024709781,
    1.2929247651166387,
    1.424248220788108,
    1.350333207262059,
    1.1542824428489418,
    1.044505674507883,
    1.327550242907471,
    1.0601032527577545,
    1.087535004152192,
    1.0262627477985289,
    1.190652584489435,
    1.1751491945009265,
    1.4308885307721275,
    1.1541644745361475,
    1.5632474026083947,
    1.1184304370596592,
    1.1290923411316343,
    1.548433353106181,
    1.2628211565884866,
    1.4130423508750067,
    1.1319100305769179,
    1.0092543492988786,
    1.1095858636601932,
    1.1600306647436487,
    1.1226739310985432,
    1.1664661374025875,
    1.254071706328347,
    1.2467519556834465,
    0.9665074046726456,
    1.0846335992737053,
    1.4431856693368819,
    1.1498683238480913,
    1.144272748393317,
    1.5763372194019354,
    1.5560919145743053,
    1.923315796003056,
    1.1972718157039748,
    1.7102257442474365,
    1.1898446856853035,
    1.34422924779459,
    0.9930109989560313
  ],
  "val_acc": [
    38.888888888888886,
    46.0,
    53.55555555555556,
    58.666666666666664,
    35.333333333333336,
    59.77777777777778,
    62.888888888888886,
    68.66666666666667,
    69.55555555555556,
    77.77777777777777,
    68.66666666666667,
    69.11111111111111,
    68.88888888888889,
    75.55555555555556,
    76.44444444444444,
    71.33333333333333,
    77.55555555555556,
    74.66666666666667,
    77.55555555555556,
    76.66666666666667,
    76.44444444444444,
    73.11111111111111,
    79.11111111111111,
    70.44444444444444,
    77.11111111111111,
    74.0,
    69.55555555555556,
    72.22222222222223,
    71.77777777777777,
    74.66666666666667,
    78.66666666666667,
    81.55555555555556,
    78.66666666666667,
    77.77777777777777,
    75.77777777777777,
    74.66666666666667,
    78.44444444444444,
    80.0,
    79.11111111111111,
    76.22222222222223,
    80.22222222222223,
    78.22222222222223,
    76.22222222222223,
    71.55555555555556,
    64.88888888888889,
    74.66666666666667,
    72.0,
    74.44444444444444,
    76.44444444444444,
    79.55555555555556
  ]
}