{
  "run_number": 4,
  "model_type": "resnet18",
  "epochs": 50,
  "learning_rate": 0.001,
  "batch_size": 32,
  "img_size": 224,
  "best_val_accuracy": 81.55555555555556,
  "final_train_accuracy": 98.61904761904762,
  "final_val_accuracy": 79.55555555555556
}