{
  "train_loss": [
    1.9938889644259499,
    1.9346003991081602,
    1.8478686593827747,
    1.7612235750470842,
    1.6965546546663557,
    1.6448959897813342,
    1.623033129828317,
    1.5613124504543485,
    1.4902539562043688,
    1.4655435194287982,
    1.3932837088902792,
    1.3697883664994013,
    1.3131328757603964,
    1.268387325831822,
    1.2213119438716344,
    1.2263278034755163,
    1.1565289914040338,
    1.113637058621361,
    1.0469132206553504,
    1.03591169493539,
    0.9821373429752531,
    0.9325173642521812,
    0.8683241455895561,
    0.8140436704953512,
    0.7476283654712496
  ],
  "train_acc": [
    19.0,
    18.761904761904763,
    19.333333333333332,
    24.571428571428573,
    29.285714285714285,
    30.571428571428573,
    32.04761904761905,
    35.333333333333336,
    39.095238095238095,
    41.38095238095238,
    42.61904761904762,
    44.95238095238095,
    47.523809523809526,
    47.904761904761905,
    50.333333333333336,
    49.42857142857143,
    54.04761904761905,
    55.19047619047619,
    57.285714285714285,
    59.0,
    60.904761904761905,
    62.285714285714285,
    65.47619047619048,
    68.76190476190476,
    72.23809523809524
  ],
  "val_loss": [
    1.8041657887564766,
    1.8026951265335083,
    1.7676141760084365,
    2.270291738510132,
    1.584008706410726,
    1.5431497086419,
    1.552130757437812,
    1.4719509845309788,
    1.6631456147299872,
    1.7193099964989556,
    1.5761187087164985,
    1.3316897922092015,
    1.3686163144641452,
    1.2795059781604343,
    1.1981893361939324,
    1.2484508289231195,
    1.448439410527547,
    1.1485069812668693,
    1.1419575423664516,
    1.2060411071777344,
    1.270416015651491,
    1.2761126164181364,
    1.2741335499948925,
    1.4530338376429346,
    1.1728458062807718
  ],
  "val_acc": [
    21.77777777777778,
    20.666666666666668,
    21.11111111111111,
    27.11111111111111,
    34.888888888888886,
    36.22222222222222,
    35.77777777777778,
    40.22222222222222,
    38.888888888888886,
    33.77777777777778,
    41.77777777777778,
    42.44444444444444,
    47.333333333333336,
    48.666666666666664,
    50.44444444444444,
    49.111111111111114,
    44.44444444444444,
    53.77777777777778,
    54.22222222222222,
    52.44444444444444,
    53.111111111111114,
    56.666666666666664,
    51.111111111111114,
    51.77777777777778,
    61.55555555555556
  ]
}