{
  "train_loss": [
    1.4022861392157417,
    1.0028787796837944,
    0.8190223445211138,
    0.6729037060056414,
    0.5787496812002999,
    0.42375332996958776,
    0.3331015007836478,
    0.26494890275455657,
    0.20858635601543246,
    0.236782378525961,
    0.17731077812966847,
    0.14092744217032477,
    0.11894710407370612,
    0.12333352577828226,
    0.1204497291005793,
    0.12702402947914032,
    0.12971996682385603,
    0.07545022260575067,
    0.08474298487106958,
    0.06567362897452854,
    0.04936558501085355,
    0.050252820068881626,
    0.05547294118929477,
    0.05496364081012351,
    0.10407893531379246
  ],
  "train_acc": [
    47.57142857142857,
    61.61904761904762,
    70.23809523809524,
    75.28571428571429,
    78.42857142857143,
    84.71428571428571,
    88.42857142857143,
    90.19047619047619,
    92.47619047619048,
    91.85714285714286,
    94.33333333333333,
    95.61904761904762,
    95.95238095238095,
    96.0,
    95.38095238095238,
    95.80952380952381,
    95.57142857142857,
    97.33333333333333,
    97.28571428571429,
    97.61904761904762,
    98.28571428571429,
    98.28571428571429,
    98.19047619047619,
    98.19047619047619,
    96.04761904761905
  ],
  "val_loss": [
    1.457898031340705,
    1.3497503416405783,
    1.4446188916100395,
    1.3821864404943254,
    1.3675625380790897,
    1.4659828139013715,
    1.172091085281637,
    1.1638111119800143,
    1.2901610908326175,
    0.9162344065308571,
    1.1973449622518901,
    1.0537952708421896,
    0.9448447793722152,
    1.1019070369005204,
    0.9686183395650652,
    1.5291790133052403,
    0.9936450185932012,
    1.1824922425589628,
    1.3046311166551379,
    1.3390863219648599,
    1.3330489910559522,
    1.0582760495886516,
    1.2099316070528907,
    1.244804295114138,
    1.6675056870281697
  ],
  "val_acc": [
    44.888888888888886,
    49.333333333333336,
    54.22222222222222,
    54.0,
    62.0,
    61.111111111111114,
    68.22222222222223,
    68.88888888888889,
    66.66666666666667,
    74.66666666666667,
    70.66666666666667,
    75.11111111111111,
    76.66666666666667,
    74.0,
    73.77777777777777,
    65.11111111111111,
    78.88888888888889,
    76.0,
    72.22222222222223,
    71.11111111111111,
    75.77777777777777,
    77.33333333333333,
    78.44444444444444,
    73.55555555555556,
    69.33333333333333
  ]
}